SET FOREIGN_KEY_CHECKS=0;
DROP TABLE ADDRESS;
DROP TABLE OCCUPATION;
DROP TABLE ADD_OCC_JOIN;
DROP TABLE BANK;
DROP TABLE BANK_ADD_JOIN;
DROP TABLE BANK_USER_JOIN;
DROP TABLE EXPENSE;
DROP TABLE EXPENSE_TRANS_JOIN;
DROP TABLE EXPENSE_USER_JOIN;
DROP TABLE EXPENSE_CAT_JOIN;
DROP TABLE SAVINGS;
DROP TABLE SAVINGS_TRANS_JOIN;
DROP TABLE SAVINGS_USER_JOIN;
DROP TABLE SAVINGS_CAT_JOIN;
DROP TABLE CATEGORY;
DROP TABLE TRANSACTION;
DROP TABLE USER;
DROP TABLE USER_OCC_JOIN;
DROP TABLE USER_ADD_JOIN;
DROP TABLE USER_SELF_JOIN;
SET FOREIGN_KEY_CHECKS=1;

create table ADDRESS (
	ADDRESS_ID INT PRIMARY KEY,
	HOUSE_NO INT,
	BUILDING_NAME VARCHAR(50),
	LANDMARK VARCHAR(50),
	AREA VARCHAR(50),
	CITY VARCHAR(50),
	PINCODE INT,
	STATE VARCHAR(50),
	COUNTRY VARCHAR(50)
);
insert into ADDRESS (ADDRESS_ID, HOUSE_NO, BUILDING_NAME, LANDMARK, AREA, CITY, PINCODE, STATE, COUNTRY) values (860, 689, 'Leese', 'Gianina', 'Brogan', 'Wally', 739161, 'Inna', 'wbrogan0');
insert into ADDRESS (ADDRESS_ID, HOUSE_NO, BUILDING_NAME, LANDMARK, AREA, CITY, PINCODE, STATE, COUNTRY) values (144, 801, 'Ladonna', 'Lynnelle', 'Edwinson', 'Geoffry', 36411, 'Aloysia', 'gedwinson1');
insert into ADDRESS (ADDRESS_ID, HOUSE_NO, BUILDING_NAME, LANDMARK, AREA, CITY, PINCODE, STATE, COUNTRY) values (020, 599, 'Gretal', 'Cami', 'Jorger', 'Elwin', 423750, 'Salim', 'ejorger2');
insert into ADDRESS (ADDRESS_ID, HOUSE_NO, BUILDING_NAME, LANDMARK, AREA, CITY, PINCODE, STATE, COUNTRY) values (753, 404, 'Ashton', 'Lyndel', 'Kernell', 'Gearalt', 786866, 'Magdalene', 'gkernell3');
insert into ADDRESS (ADDRESS_ID, HOUSE_NO, BUILDING_NAME, LANDMARK, AREA, CITY, PINCODE, STATE, COUNTRY) values (402, 734, 'Frans', 'Sibylla', 'Kenright', 'Joachim', 342589, 'Whitby', 'jkenright4');
insert into ADDRESS (ADDRESS_ID, HOUSE_NO, BUILDING_NAME, LANDMARK, AREA, CITY, PINCODE, STATE, COUNTRY) values (619, 661, 'Rena', 'Neall', 'Advani', 'Schuyler', 711045, 'Pavel', 'sadvani5');
insert into ADDRESS (ADDRESS_ID, HOUSE_NO, BUILDING_NAME, LANDMARK, AREA, CITY, PINCODE, STATE, COUNTRY) values (315, 158, 'Luelle', 'Genia', 'Bedson', 'Byrle', 745168, 'Delmor', 'bbedson6');
insert into ADDRESS (ADDRESS_ID, HOUSE_NO, BUILDING_NAME, LANDMARK, AREA, CITY, PINCODE, STATE, COUNTRY) values (031, 3, 'Oswald', 'Benjamen', 'Potticary', 'Ludwig', 161925, 'Merv', 'lpotticary7');
insert into ADDRESS (ADDRESS_ID, HOUSE_NO, BUILDING_NAME, LANDMARK, AREA, CITY, PINCODE, STATE, COUNTRY) values (407, 235, 'Dominique', 'Edee', 'Rodda', 'Rafael', 542602, 'Ashia', 'rrodda8');
insert into ADDRESS (ADDRESS_ID, HOUSE_NO, BUILDING_NAME, LANDMARK, AREA, CITY, PINCODE, STATE, COUNTRY) values (027, 827, 'Phaidra', 'Kassandra', 'Abbatucci', 'Edd', 965960, 'Magda', 'eabbatucci9');


create table OCCUPATION (
	JOB_ID INT PRIMARY KEY,
	JOB_TYPE VARCHAR(50),
	COMPANY VARCHAR(50),
	ROLE VARCHAR(50),
	SALARY INT
);



insert into OCCUPATION (JOB_ID, JOB_TYPE, COMPANY, ROLE, SALARY) values (4725, 'Davis', 'Jephcote', 'Donn', 513803);
insert into OCCUPATION (JOB_ID, JOB_TYPE, COMPANY, ROLE, SALARY) values (2368, 'Ayn', 'Favill', 'Stepha', 151503);
insert into OCCUPATION (JOB_ID, JOB_TYPE, COMPANY, ROLE, SALARY) values (5630, 'Flinn', 'Hay', 'Florinda', 407567);
insert into OCCUPATION (JOB_ID, JOB_TYPE, COMPANY, ROLE, SALARY) values (7862, 'Kirstyn', 'Wilkenson', 'Pia', 46539);
insert into OCCUPATION (JOB_ID, JOB_TYPE, COMPANY, ROLE, SALARY) values (6443, 'Aurelea', 'Hansana', 'Darcey', 382100);
insert into OCCUPATION (JOB_ID, JOB_TYPE, COMPANY, ROLE, SALARY) values (4186, 'Darryl', 'Condy', 'Veronique', 454232);
insert into OCCUPATION (JOB_ID, JOB_TYPE, COMPANY, ROLE, SALARY) values (1395, 'Kara', 'Lago', 'Catie', 718324);
insert into OCCUPATION (JOB_ID, JOB_TYPE, COMPANY, ROLE, SALARY) values (2758, 'Lynnea', 'Abrahamsohn', 'Guthrie', 642706);
insert into OCCUPATION (JOB_ID, JOB_TYPE, COMPANY, ROLE, SALARY) values (1469, 'Renard', 'Bedder', 'Trula', 552349);
insert into OCCUPATION (JOB_ID, JOB_TYPE, COMPANY, ROLE, SALARY) values (9426, 'Abbot', 'Batcock', 'Freddy', 133620);


create table ADD_OCC_JOIN(
	ADDRESS_ID INT,
	JOB_ID INT,
	PRIMARY KEY (ADDRESS_ID,JOB_ID)
);


INSERT INTO ADD_OCC_JOIN (ADDRESS_ID,JOB_ID) VALUES (753,7862);
INSERT INTO ADD_OCC_JOIN (ADDRESS_ID,JOB_ID) VALUES (402,4186);
INSERT INTO ADD_OCC_JOIN (ADDRESS_ID,JOB_ID) VALUES (031,9426);
INSERT INTO ADD_OCC_JOIN (ADDRESS_ID,JOB_ID) VALUES (144,2368);


create table BANK (
	ACCOUNT_ID INT PRIMARY KEY,
	BANK_ID INT,
	BANK_NAME VARCHAR(50),
	BALANCE BIGINT
);


insert into BANK (ACCOUNT_ID, BANK_ID, BANK_NAME, BALANCE) values (101, 857482, 'Inglesfield', 645656);
insert into BANK (ACCOUNT_ID, BANK_ID, BANK_NAME, BALANCE) values (102, 587223, 'Archibould', 4554);
insert into BANK (ACCOUNT_ID, BANK_ID, BANK_NAME, BALANCE) values (103, 897310, 'Hairs', 546564);
insert into BANK (ACCOUNT_ID, BANK_ID, BANK_NAME, BALANCE) values (104, 284787, 'Grealey', 45865);
insert into BANK (ACCOUNT_ID, BANK_ID, BANK_NAME, BALANCE) values (105, 230816, 'Slocket', 645656);
insert into BANK (ACCOUNT_ID, BANK_ID, BANK_NAME, BALANCE) values (106, 396266, 'Esch', 65655);
insert into BANK (ACCOUNT_ID, BANK_ID, BANK_NAME, BALANCE) values (107, 799516, 'Pacquet', 465685);
insert into BANK (ACCOUNT_ID, BANK_ID, BANK_NAME, BALANCE) values (108, 843146, 'Gadney', 52333);
insert into BANK (ACCOUNT_ID, BANK_ID, BANK_NAME, BALANCE) values (109, 670811, 'Eliasen', 212352);
insert into BANK (ACCOUNT_ID, BANK_ID, BANK_NAME, BALANCE) values (110, 791942, 'McFall', 563563);

-- CREATE SEQUENCE bank_seq START WITH 111 INCREMENT BY 1;

CREATE TABLE BANK_ADD_JOIN(
	ADDRESS_ID INT,
	ACCOUNT_ID INT,
	PRIMARY KEY(ADDRESS_ID,ACCOUNT_ID)
);

INSERT INTO BANK_ADD_JOIN (ADDRESS_ID, ACCOUNT_ID) VALUES (753, 101);
INSERT INTO BANK_ADD_JOIN (ADDRESS_ID, ACCOUNT_ID) VALUES (402, 102);
INSERT INTO BANK_ADD_JOIN (ADDRESS_ID, ACCOUNT_ID) VALUES (031, 107);
INSERT INTO BANK_ADD_JOIN (ADDRESS_ID, ACCOUNT_ID) VALUES (144, 109);

CREATE TABLE BANK_USER_JOIN(
	ACCOUNT_ID INT,
	USER_ID INT,
	PRIMARY KEY(ACCOUNT_ID,USER_ID)
);

INSERT INTO BANK_USER_JOIN (ACCOUNT_ID, USER_ID) VALUES (101, 681337);
INSERT INTO BANK_USER_JOIN (ACCOUNT_ID, USER_ID) VALUES (102, 824349);
INSERT INTO BANK_USER_JOIN (ACCOUNT_ID, USER_ID) VALUES (107, 240157);
INSERT INTO BANK_USER_JOIN (ACCOUNT_ID, USER_ID) VALUES (109, 608830);



create table EXPENSE (
	EXPENSE_ID INT PRIMARY KEY,
	EXPENSE_NAME VARCHAR(50),
	PLACE VARCHAR(50),
	DATE DATE,
	IMPORTANCE VARCHAR(50),
	DONE_WITH VARCHAR(50),
	SPLIT VARCHAR(50)
);



insert into EXPENSE (EXPENSE_ID, EXPENSE_NAME, PLACE, DATE, IMPORTANCE, DONE_WITH, SPLIT) values (894446, 'Sam', 'Clo', '2015/9/20', 'Willi', 'Carla', 'Lorain');
insert into EXPENSE (EXPENSE_ID, EXPENSE_NAME, PLACE, DATE, IMPORTANCE, DONE_WITH, SPLIT) values (942233, 'Mandel', 'Melinda', '2010/9/13', 'Erina', 'Taffy', 'Jessalin');
insert into EXPENSE (EXPENSE_ID, EXPENSE_NAME, PLACE, DATE, IMPORTANCE, DONE_WITH, SPLIT) values (634199, 'Gibb', 'Reggis', '2008/12/30', 'Angelia', 'Theresita', 'Pippo');
insert into EXPENSE (EXPENSE_ID, EXPENSE_NAME, PLACE, DATE, IMPORTANCE, DONE_WITH, SPLIT) values (449468, 'Damien', 'Ida', '2013/12/19', 'Galvan', 'Leanna', 'Seumas');
insert into EXPENSE (EXPENSE_ID, EXPENSE_NAME, PLACE, DATE, IMPORTANCE, DONE_WITH, SPLIT) values (843476, 'Alla', 'Kimbra', '2018/5/20', 'Lissie', 'Dom', 'Myrwyn');
insert into EXPENSE (EXPENSE_ID, EXPENSE_NAME, PLACE, DATE, IMPORTANCE, DONE_WITH, SPLIT) values (630773, 'Harriett', 'Elroy', '2003/7/1', 'Gabbie', 'Roddy', 'Carroll');
insert into EXPENSE (EXPENSE_ID, EXPENSE_NAME, PLACE, DATE, IMPORTANCE, DONE_WITH, SPLIT) values (139731, 'Karel', 'Dodie', '2005/1/3', 'Adrea', 'Gareth', 'Charita');
insert into EXPENSE (EXPENSE_ID, EXPENSE_NAME, PLACE, DATE, IMPORTANCE, DONE_WITH, SPLIT) values (620935, 'Clarie', 'Xavier', '2019/6/13', 'Linn', 'Nicki', 'Ebeneser');
insert into EXPENSE (EXPENSE_ID, EXPENSE_NAME, PLACE, DATE, IMPORTANCE, DONE_WITH, SPLIT) values (500805, 'Alessandro', 'Glen', '2003/6/1', 'Ignacius', 'Sergio', 'Janek');
insert into EXPENSE (EXPENSE_ID, EXPENSE_NAME, PLACE, DATE, IMPORTANCE, DONE_WITH, SPLIT) values (207977, 'Maurie', 'Al', '2017/10/15', 'Livia', 'Armando', 'Temp');

CREATE TABLE EXPENSE_TRANS_JOIN(
	TRANSACTION_ID INT,
	EXPENSE_ID INT,
	PRIMARY KEY(TRANSACTION_ID,EXPENSE_ID)
);

INSERT INTO EXPENSE_TRANS_JOIN (TRANSACTION_ID, EXPENSE_ID) VALUES (356419,894446);
INSERT INTO EXPENSE_TRANS_JOIN (TRANSACTION_ID, EXPENSE_ID) VALUES (333187,942233);
INSERT INTO EXPENSE_TRANS_JOIN (TRANSACTION_ID, EXPENSE_ID) VALUES (733550,634199);
INSERT INTO EXPENSE_TRANS_JOIN (TRANSACTION_ID, EXPENSE_ID) VALUES (998512,449468);
INSERT INTO EXPENSE_TRANS_JOIN (TRANSACTION_ID, EXPENSE_ID) VALUES (653308,843476);

CREATE TABLE EXPENSE_USER_JOIN(
	EXPENSE_ID INT,
	USER_ID INT,
	PRIMARY KEY(EXPENSE_ID,USER_ID)
);

INSERT INTO EXPENSE_USER_JOIN (EXPENSE_ID, USER_ID) VALUES (894446,824349);
INSERT INTO EXPENSE_USER_JOIN (EXPENSE_ID, USER_ID) VALUES (942233,422175);
INSERT INTO EXPENSE_USER_JOIN (EXPENSE_ID, USER_ID) VALUES (634199,451231);
INSERT INTO EXPENSE_USER_JOIN (EXPENSE_ID, USER_ID) VALUES (449468,776235);
INSERT INTO EXPENSE_USER_JOIN (EXPENSE_ID, USER_ID) VALUES (843476,912127);

CREATE TABLE EXPENSE_CAT_JOIN(
	EXPENSE_ID INT,
	CATEGORY_ID INT,
	PRIMARY KEY(EXPENSE_ID,CATEGORY_ID)
);

INSERT INTO EXPENSE_CAT_JOIN (EXPENSE_ID, CATEGORY_ID) VALUES (894446,1);
INSERT INTO EXPENSE_CAT_JOIN (EXPENSE_ID, CATEGORY_ID) VALUES (942233,2);
INSERT INTO EXPENSE_CAT_JOIN (EXPENSE_ID, CATEGORY_ID) VALUES (634199,3);
INSERT INTO EXPENSE_CAT_JOIN (EXPENSE_ID, CATEGORY_ID) VALUES (449468,4);
INSERT INTO EXPENSE_CAT_JOIN (EXPENSE_ID, CATEGORY_ID) VALUES (843476,5);


create table SAVINGS (
	SAVING_ID INT PRIMARY KEY,
	SAVING_NAME VARCHAR(50),
	DATE DATE,
	NEED VARCHAR(50),
	BALANCE INT
);

insert into SAVINGS (SAVING_ID, SAVING_NAME, DATE, NEED, BALANCE) values (337760, 'Malchy', '2003/09/03', 'Adda', 90608);
insert into SAVINGS (SAVING_ID, SAVING_NAME, DATE, NEED, BALANCE) values (562703, 'Oran', '2010/1/25', 'Caryl', 85548);
insert into SAVINGS (SAVING_ID, SAVING_NAME, DATE, NEED, BALANCE) values (541975, 'Cammy', '2010/1/15', 'Helyn', 38016);
insert into SAVINGS (SAVING_ID, SAVING_NAME, DATE, NEED, BALANCE) values (615771, 'Randy', '2012/1/10', 'Daffy', 54294);
insert into SAVINGS (SAVING_ID, SAVING_NAME, DATE, NEED, BALANCE) values (409600, 'Pavlov', '2004/3/25', 'Courtnay', 35843);
insert into SAVINGS (SAVING_ID, SAVING_NAME, DATE, NEED, BALANCE) values (968404, 'Swen', '2011/7/31', 'Clair', 18418);
insert into SAVINGS (SAVING_ID, SAVING_NAME, DATE, NEED, BALANCE) values (437149, 'Austen', '2013/7/29', 'Gunther', 41470);
insert into SAVINGS (SAVING_ID, SAVING_NAME, DATE, NEED, BALANCE) values (907795, 'Rory', '2007/12/20', 'Tremain', 61790);
insert into SAVINGS (SAVING_ID, SAVING_NAME, DATE, NEED, BALANCE) values (511279, 'Tymon', '2009/12/13', 'Kaine', 11519);
insert into SAVINGS (SAVING_ID, SAVING_NAME, DATE, NEED, BALANCE) values (714852, 'Julienne', '2009/6/14', 'Mahalia', 54066);

CREATE TABLE SAVINGS_TRANS_JOIN(
	TRANSACTION_ID INT,
	SAVING_ID INT,
	PRIMARY KEY(TRANSACTION_ID,SAVING_ID)
);

INSERT INTO SAVINGS_TRANS_JOIN (TRANSACTION_ID, SAVING_ID) VALUES (356419,337760);
INSERT INTO SAVINGS_TRANS_JOIN (TRANSACTION_ID, SAVING_ID) VALUES (333187,562703);
INSERT INTO SAVINGS_TRANS_JOIN (TRANSACTION_ID, SAVING_ID) VALUES (733550,541975);
INSERT INTO SAVINGS_TRANS_JOIN (TRANSACTION_ID, SAVING_ID) VALUES (998512,615771);
INSERT INTO SAVINGS_TRANS_JOIN (TRANSACTION_ID, SAVING_ID) VALUES (653308,409600);

CREATE TABLE SAVINGS_USER_JOIN(
	SAVING_ID INT,
	USER_ID INT,
	PRIMARY KEY(SAVING_ID,USER_ID)
);

INSERT INTO SAVINGS_USER_JOIN (SAVING_ID, USER_ID) VALUES (337760,824349);
INSERT INTO SAVINGS_USER_JOIN (SAVING_ID, USER_ID) VALUES (562703,422175);
INSERT INTO SAVINGS_USER_JOIN (SAVING_ID, USER_ID) VALUES (541975,451231);
INSERT INTO SAVINGS_USER_JOIN (SAVING_ID, USER_ID) VALUES (615771,776235);
INSERT INTO SAVINGS_USER_JOIN (SAVING_ID, USER_ID) VALUES (409600,912127);

CREATE TABLE SAVINGS_CAT_JOIN(
	SAVING_ID INT,
	CATEGORY_ID INT,
	PRIMARY KEY(SAVING_ID,CATEGORY_ID)
);

INSERT INTO SAVINGS_CAT_JOIN (SAVING_ID, CATEGORY_ID) VALUES (337760,1);
INSERT INTO SAVINGS_CAT_JOIN (SAVING_ID, CATEGORY_ID) VALUES (337760,2);
INSERT INTO SAVINGS_CAT_JOIN (SAVING_ID, CATEGORY_ID) VALUES (541975,3);
INSERT INTO SAVINGS_CAT_JOIN (SAVING_ID, CATEGORY_ID) VALUES (541975,4);
INSERT INTO SAVINGS_CAT_JOIN (SAVING_ID, CATEGORY_ID) VALUES (541975,5);


create table CATEGORY (
	CATEGORY_ID INT PRIMARY KEY,
	CATEGORY_NAME VARCHAR(50)
);
insert into CATEGORY (CATEGORY_ID, CATEGORY_NAME) values (1, 'FOOD');
insert into CATEGORY (CATEGORY_ID, CATEGORY_NAME) values (2, 'CLOTHES');
insert into CATEGORY (CATEGORY_ID, CATEGORY_NAME) values (3, 'TRAVEL');
insert into CATEGORY (CATEGORY_ID, CATEGORY_NAME) values (4, 'HOME');
insert into CATEGORY (CATEGORY_ID, CATEGORY_NAME) values (5, 'STATIONARY');
insert into CATEGORY (CATEGORY_ID, CATEGORY_NAME) values (6, 'HOUSEHOLD');
insert into CATEGORY (CATEGORY_ID, CATEGORY_NAME) values (7, 'Jacobo');
insert into CATEGORY (CATEGORY_ID, CATEGORY_NAME) values (8, 'Valentin');
insert into CATEGORY (CATEGORY_ID, CATEGORY_NAME) values (9, 'Sammy');
insert into CATEGORY (CATEGORY_ID, CATEGORY_NAME) values (10, 'Linet');


create table TRANSACTION (
	TRANSACTION_ID INT PRIMARY KEY,
	TRANSACTION_NAME VARCHAR(50),
	DATE DATE,
	TRANSACTION_TYPE VARCHAR(50)
);
insert into TRANSACTION (TRANSACTION_ID, TRANSACTION_NAME, DATE, TRANSACTION_TYPE) values (356419, 'Walther', '2018/1/24', 'Yvonne');
insert into TRANSACTION (TRANSACTION_ID, TRANSACTION_NAME, DATE, TRANSACTION_TYPE) values (333187, 'Sigfrid', '2013/9/19', 'Cord');
insert into TRANSACTION (TRANSACTION_ID, TRANSACTION_NAME, DATE, TRANSACTION_TYPE) values (733550, 'Anne-corinne', '2016/2/5', 'Freddie');
insert into TRANSACTION (TRANSACTION_ID, TRANSACTION_NAME, DATE, TRANSACTION_TYPE) values (998512, 'Bibi', '2011/11/4', 'Giralda');
insert into TRANSACTION (TRANSACTION_ID, TRANSACTION_NAME, DATE, TRANSACTION_TYPE) values (653308, 'Alberta', '2017/6/11', 'Kristos');
insert into TRANSACTION (TRANSACTION_ID, TRANSACTION_NAME, DATE, TRANSACTION_TYPE) values (887722, 'Godfry', '2012/10/9', 'Adolph');
insert into TRANSACTION (TRANSACTION_ID, TRANSACTION_NAME, DATE, TRANSACTION_TYPE) values (720427, 'Frances', '2011/6/20', 'Ralf');
insert into TRANSACTION (TRANSACTION_ID, TRANSACTION_NAME, DATE, TRANSACTION_TYPE) values (910111, 'Tate', '2011/8/3', 'Jannel');
insert into TRANSACTION (TRANSACTION_ID, TRANSACTION_NAME, DATE, TRANSACTION_TYPE) values (258621, 'Thaine', '2005/2/17', 'Gonzales');
insert into TRANSACTION (TRANSACTION_ID, TRANSACTION_NAME, DATE, TRANSACTION_TYPE) values (582651, 'Ruggiero', '2017/8/18', 'Harry');



create table USER (
	USER_ID INT PRIMARY KEY,
	USER_NAME VARCHAR(50),
	PASSWORD VARCHAR(50),
	FIRST_NAME VARCHAR(50),
	LAST_NAME VARCHAR(50),
	GENDER VARCHAR(50),
	PHONE_NUMBER BIGINT,
	EMAIL_ID VARCHAR(50),
	DATE_OF_BIRTH DATE,
	POCKET_MONEY BIGINT,
	OCCUPATION_ID INT UNIQUE,
    ADDRESS_ID INT ,
	FRIENDS INT 
);



insert into USER (USER_ID, USER_NAME, PASSWORD, FIRST_NAME, LAST_NAME, GENDER, PHONE_NUMBER, EMAIL_ID, DATE_OF_BIRTH, POCKET_MONEY) values (824349, 'mcasely0', 'SAFKA8', 'Marinna', 'Casely', 'F', 8878525780, 'mcasely0@java.com', '1998/2/13', 8586095843);
insert into USER (USER_ID, USER_NAME, PASSWORD, FIRST_NAME, LAST_NAME, GENDER, PHONE_NUMBER, EMAIL_ID, DATE_OF_BIRTH, POCKET_MONEY) values (422175, 'cheinonen1', 'SKouupJA', 'Con', 'Heinonen', 'M', 7690024638, 'cheinonen1@yahoo.co.jp', '2007/6/8', 4777462917);
insert into USER (USER_ID, USER_NAME, PASSWORD, FIRST_NAME, LAST_NAME, GENDER, PHONE_NUMBER, EMAIL_ID, DATE_OF_BIRTH, POCKET_MONEY) values (451231, 'mrichfield2', '2evfiK', 'Melisande', 'Richfield', 'F', 7532107622, 'mrichfield2@scribd.com', '2013/12/31', 2387862373);
insert into USER (USER_ID, USER_NAME, PASSWORD, FIRST_NAME, LAST_NAME, GENDER, PHONE_NUMBER, EMAIL_ID, DATE_OF_BIRTH, POCKET_MONEY) values (776235, 'rcoram3', 'pPCMge0wIIu3', 'Rina', 'Coram', 'F', 8136842260, 'rcoram3@yelp.com', '2012/3/16', 8123593311);
insert into USER (USER_ID, USER_NAME, PASSWORD, FIRST_NAME, LAST_NAME, GENDER, PHONE_NUMBER, EMAIL_ID, DATE_OF_BIRTH, POCKET_MONEY) values (912127, 'nmckiddin4', 'AfHzdsVpVwN', 'Noella', 'McKiddin', 'F', 9558971985, 'nmckiddin4@slideshare.net', '2016/6/25', 7184159786);
insert into USER (USER_ID, USER_NAME, PASSWORD, FIRST_NAME, LAST_NAME, GENDER, PHONE_NUMBER, EMAIL_ID, DATE_OF_BIRTH, POCKET_MONEY) values (240157, 'cbroune5', 'eZOLrL', 'Celinka', 'Broune', 'F', 8363809108, 'cbroune5@lulu.com', '2006/12/14', 7361976076);
insert into USER (USER_ID, USER_NAME, PASSWORD, FIRST_NAME, LAST_NAME, GENDER, PHONE_NUMBER, EMAIL_ID, DATE_OF_BIRTH, POCKET_MONEY) values (681337, 'cbril6', 'LuueNM1R', 'Celine', 'Bril', 'F', 8811010849, 'cbril6@exblog.jp', '2014/12/5', 8793104835);
insert into USER (USER_ID, USER_NAME, PASSWORD, FIRST_NAME, LAST_NAME, GENDER, PHONE_NUMBER, EMAIL_ID, DATE_OF_BIRTH, POCKET_MONEY) values (698226, 'givanets7', 'lpTeFcgR', 'Gina', 'Ivanets', 'F', 8147705427, 'givanets7@alexa.com', '2008/6/5', 8024931520);
insert into USER (USER_ID, USER_NAME, PASSWORD, FIRST_NAME, LAST_NAME, GENDER, PHONE_NUMBER, EMAIL_ID, DATE_OF_BIRTH, POCKET_MONEY) values (672194, 'hpickerell8', 'AHUFr1pKQz', 'Hagen', 'Pickerell', 'M', 9980670628, 'hpickerell8@sciencedaily.com', '1995/1/27', 7186557743);
insert into USER (USER_ID, USER_NAME, PASSWORD, FIRST_NAME, LAST_NAME, GENDER, PHONE_NUMBER, EMAIL_ID, DATE_OF_BIRTH, POCKET_MONEY) values (608830, 'mcaudle9', 'DHNxmRXtJMbO', 'Mord', 'Caudle', 'M', 7327824342, 'mcaudle9@example.com', '1997/11/12', 5926626809); 

CREATE TABLE USER_OCC_JOIN(
	USER_ID INT,
	OCCUPATION_ID INT,
	PRIMARY KEY (USER_ID,OCCUPATION_ID)
);

INSERT INTO USER_OCC_JOIN (USER_ID, OCCUPATION_ID) VALUES (824349,4725);
INSERT INTO USER_OCC_JOIN (USER_ID, OCCUPATION_ID) VALUES (422175,2368);
INSERT INTO USER_OCC_JOIN (USER_ID, OCCUPATION_ID) VALUES (451231,5630);
INSERT INTO USER_OCC_JOIN (USER_ID, OCCUPATION_ID) VALUES (776235,7862);
INSERT INTO USER_OCC_JOIN (USER_ID, OCCUPATION_ID) VALUES (912127,6443);



CREATE TABLE USER_ADD_JOIN(
	USER_ID INT,
	ADDRESS_ID INT,
	PRIMARY KEY (USER_ID,ADDRESS_ID)
);

INSERT INTO USER_ADD_JOIN (USER_ID, ADDRESS_ID) VALUES (824349,860);
INSERT INTO USER_ADD_JOIN (USER_ID, ADDRESS_ID) VALUES (422175,144);
INSERT INTO USER_ADD_JOIN (USER_ID, ADDRESS_ID) VALUES (451231,020);
INSERT INTO USER_ADD_JOIN (USER_ID, ADDRESS_ID) VALUES (776235,753);
INSERT INTO USER_ADD_JOIN (USER_ID, ADDRESS_ID) VALUES (912127,402);



CREATE TABLE USER_SELF_JOIN(
	USER_ID INT,
	UID INT,
	PRIMARY KEY (USER_ID,UID)
);

INSERT INTO USER_SELF_JOIN (USER_ID, UID) VALUES (824349,608830);
INSERT INTO USER_SELF_JOIN (USER_ID, UID) VALUES (422175,672194);
INSERT INTO USER_SELF_JOIN (USER_ID, UID) VALUES (451231,698226);
INSERT INTO USER_SELF_JOIN (USER_ID, UID) VALUES (776235,681337);
INSERT INTO USER_SELF_JOIN (USER_ID, UID) VALUES (912127,240157);


ALTER TABLE ADD_OCC_JOIN ADD FOREIGN KEY (ADDRESS_ID) REFERENCES ADDRESS(ADDRESS_ID);
ALTER TABLE ADD_OCC_JOIN ADD FOREIGN KEY (JOB_ID) REFERENCES OCCUPATION(JOB_ID);

ALTER TABLE BANK_USER_JOIN ADD FOREIGN KEY (ACCOUNT_ID) REFERENCES BANK (ACCOUNT_ID);
ALTER TABLE BANK_USER_JOIN ADD FOREIGN KEY (USER_ID) REFERENCES USER (USER_ID);

ALTER TABLE BANK_ADD_JOIN ADD FOREIGN KEY (ADDRESS_ID) REFERENCES ADDRESS(ADDRESS_ID);
ALTER TABLE BANK_ADD_JOIN ADD FOREIGN KEY (ACCOUNT_ID) REFERENCES BANK(ACCOUNT_ID);

ALTER TABLE EXPENSE_TRANS_JOIN ADD FOREIGN KEY (TRANSACTION_ID) REFERENCES TRANSACTION(TRANSACTION_ID);
ALTER TABLE EXPENSE_TRANS_JOIN ADD FOREIGN KEY (EXPENSE_ID) REFERENCES EXPENSE(EXPENSE_ID);

ALTER TABLE EXPENSE_USER_JOIN ADD FOREIGN KEY (USER_ID) REFERENCES USER(USER_ID);
ALTER TABLE EXPENSE_USER_JOIN ADD FOREIGN KEY (EXPENSE_ID) REFERENCES EXPENSE(EXPENSE_ID);

ALTER TABLE SAVINGS_TRANS_JOIN ADD FOREIGN KEY (TRANSACTION_ID) REFERENCES TRANSACTION(TRANSACTION_ID);
ALTER TABLE SAVINGS_TRANS_JOIN ADD FOREIGN KEY (SAVING_ID) REFERENCES SAVINGS(SAVING_ID);

ALTER TABLE SAVINGS_USER_JOIN ADD FOREIGN KEY (USER_ID) REFERENCES USER(USER_ID);
ALTER TABLE SAVINGS_USER_JOIN ADD FOREIGN KEY (SAVING_ID) REFERENCES SAVINGS(SAVING_ID);

ALTER TABLE USER_OCC_JOIN ADD FOREIGN KEY (USER_ID) REFERENCES USER(USER_ID);
ALTER TABLE USER_OCC_JOIN ADD FOREIGN KEY (OCCUPATION_ID) REFERENCES OCCUPATION(JOB_ID);

ALTER TABLE USER_ADD_JOIN ADD FOREIGN KEY (USER_ID) REFERENCES USER(USER_ID);
ALTER TABLE USER_ADD_JOIN ADD FOREIGN KEY (ADDRESS_ID) REFERENCES ADDRESS(ADDRESS_ID);

ALTER TABLE USER_SELF_JOIN ADD FOREIGN KEY (USER_ID) REFERENCES USER(USER_ID);
ALTER TABLE USER_SELF_JOIN ADD FOREIGN KEY (UID) REFERENCES USER(USER_ID);

ALTER TABLE EXPENSE_CAT_JOIN ADD FOREIGN KEY (EXPENSE_ID) REFERENCES EXPENSE(EXPENSE_ID);
ALTER TABLE EXPENSE_CAT_JOIN ADD FOREIGN KEY (CATEGORY_ID) REFERENCES CATEGORY(CATEGORY_ID);

ALTER TABLE SAVINGS_CAT_JOIN ADD FOREIGN KEY (SAVING_ID) REFERENCES SAVINGS(SAVING_ID);
ALTER TABLE SAVINGS_CAT_JOIN ADD FOREIGN KEY (CATEGORY_ID) REFERENCES CATEGORY(CATEGORY_ID);